"Name","year","month","city_num","pm25","lr_op","DATE","AWND","TAVG","PRCP"
"Asheville",2000,1,4,9.34088630609891,0,"2000-01",0,1.88,65.5
"Asheville",2000,10,4,19.9930438641132,0,"2000-10",0,14.88,0
"Asheville",2000,11,4,17.1091328250257,0,"2000-11",0,7.18,67
"Asheville",2000,12,4,11.0698933723445,0,"2000-12",0,-0.36,37
"Asheville",2000,2,4,13.9058839235375,0,"2000-02",0,6.72,56.3
"Asheville",2000,3,4,11.7922290436093,0,"2000-03",0,10.41,100.3
"Asheville",2000,4,4,9.66202781457625,0,"2000-04",0,11.93,120.7
"Asheville",2000,5,4,15.5043815431019,0,"2000-05",0,19.8,62.8
"Asheville",2000,6,4,17.1660833284238,0,"2000-06",0,21.69,72.8
"Asheville",2000,7,4,20.9753733413986,0,"2000-07",0,23,112.2
"Asheville",2000,8,4,19.4640552881747,0,"2000-08",0,22.14,45
"Asheville",2000,9,4,12.0577366619189,0,"2000-09",0,18.59,55.6
"Asheville",2001,13,4,11.0298316439317,0,"2001-01",0,2.13,57.6
"Asheville",2001,14,4,11.0769672049314,0,"2001-02",0,6.75,62.1
"Asheville",2001,15,4,9.15324081071425,0,"2001-03",0,5.98,98.5
"Asheville",2001,16,4,13.677337208856,0,"2001-04",0,14.57,40.6
"Asheville",2001,17,4,14.5418073135022,0,"2001-05",0,18.1,59.5
"Asheville",2001,18,4,14.6954234797925,0,"2001-06",0,21.49,63.5
"Asheville",2001,19,4,15.5924890434833,0,"2001-07",0,22.75,126.3
"Asheville",2001,20,4,18.4195978805221,0,"2001-08",0,23.44,63
"Asheville",2001,21,4,13.2187813515485,0,"2001-09",0,17.84,93.4
"Asheville",2001,22,4,10.4327256264353,0,"2001-10",0,12.29,18.9
"Asheville",2001,23,4,16.8620556451143,0,"2001-11",0,11.58,34
"Asheville",2001,24,4,8.49625287968987,0,"2001-12",0,7,50.6
"Asheville",2002,25,4,10.0700294133124,0,"2002-01",0,5.32,97.7
"Asheville",2002,26,4,10.3772567979104,0,"2002-02",0,4.48,23.9
"Asheville",2002,27,4,10.7224029741235,0,"2002-03",0,8.79,107.7
"Asheville",2002,28,4,11.7483605655892,0,"2002-04",0,15.69,25.1
"Asheville",2002,29,4,14.6692432366674,0,"2002-05",0,17.52,84.7
"Asheville",2002,30,4,16.6590665445948,0,"2002-06",0,22.31,115.5
"Asheville",2002,31,4,21.579694693482,0,"2002-07",0,24.13,49.1
"Asheville",2002,32,4,18.6789480970018,0,"2002-08",0,23.75,28
"Asheville",2002,33,4,14.9809167862268,0,"2002-09",0,20.92,146
"Asheville",2002,34,4,12.7460268448194,0,"2002-10",0,15.17,81.1
"Asheville",2002,35,4,10.1505467451789,0,"2002-11",0,6.87,81.8
"Asheville",2002,36,4,11.1032968641939,0,"2002-12",0,3.73,127.7
"Asheville",2003,37,4,7.54639131991584,0,"2003-01",0,0.61,32.5
"Asheville",2003,38,4,8.6314302437056,0,"2003-02",0,4.16,116.3
"Asheville",2003,39,4,10.6361730898931,0,"2003-03",0,10.4,106.9
"Asheville",2003,40,4,11.5625619856916,0,"2003-04",0,13.67,109.5
"Asheville",2003,41,4,12.1220164382423,0,"2003-05",0,17.77,207.4
"Asheville",2003,42,4,15.5930286896509,0,"2003-06",0,20.86,98.5
"Asheville",2003,43,4,16.0153878848945,0,"2003-07",0,22.86,118.3
"Asheville",2003,44,4,21.122115867075,0,"2003-08",0,23.65,116.7
"Asheville",2003,45,4,16.2215242087429,0,"2003-09",0,18.72,81.4
"Asheville",2003,46,4,12.3999279014175,0,"2003-10",0,13.31,51.1
"Asheville",2003,47,4,9.69125189745739,0,"2003-11",0,11.32,112
"Asheville",2003,48,4,6.73239003375358,0,"2003-12",0,2.66,74.7
"Asheville",2004,49,4,8.54249496599419,0,"2004-01",0,1.77,25.3
"Asheville",2004,50,4,11.0570371733457,0,"2004-02",0,3.77,80.6
"Asheville",2004,51,4,11.7326688567824,0,"2004-03",0,10.32,58.4
"Asheville",2004,52,4,12.234217035589,0,"2004-04",0,13.75,93.5
"Asheville",2004,53,4,14.3042012301335,0,"2004-05",0,20.03,90
"Asheville",2004,54,4,15.5628123065083,0,"2004-06",0,22.28,95.8
"Asheville",2004,55,4,16.7811481877673,0,"2004-07",0,23.53,74.7
"Asheville",2004,56,4,18.3901281996339,0,"2004-08",0,22.26,116.4
"Asheville",2004,57,4,15.4499973767361,0,"2004-09",0,19.68,327.2
"Asheville",2004,58,4,16.3603381846041,0,"2004-10",0,16.52,40.2
"Asheville",2004,59,4,9.24741451126906,0,"2004-11",0,10.74,120.1
"Asheville",2004,60,4,8.69492831221867,0,"2004-12",0,3.79,57.9
"Asheville",2005,61,4,9.80718049154497,0,"2005-01",0,5.04,51.8
"Asheville",2005,62,4,9.99334685323361,0,"2005-02",0,5.64,70.1
"Asheville",2005,63,4,9.86340736602463,0,"2005-03",0,8.23,97.4
"Asheville",2005,64,4,10.4493001997718,0,"2005-04",0,13.43,89.9
"Asheville",2005,65,4,15.2394582067782,0,"2005-05",0,16.85,58.2
"Asheville",2005,66,4,15.0694724597047,0,"2005-06",0,21.7,160.4
"Asheville",2005,67,4,16.0812623627836,0,"2005-07",0,24.41,166.8
"Asheville",2005,68,4,18.9600627925594,0,"2005-08",0,24.12,139.1
"Asheville",2005,69,4,18.8681881178464,0,"2005-09",0,20.77,12.8
"Asheville",2005,70,4,11.7771459504665,0,"2005-10",0,14.79,28.5
"Asheville",2005,71,4,10.3543066420166,0,"2005-11",0,9.09,91.6
"Asheville",2005,72,4,9.21834804020545,0,"2005-12",0,2.28,66.4
"Asheville",2006,73,4,7.73361996410203,0,"2006-01",0,6.37,105.4
"Asheville",2006,74,4,10.171993977796,0,"2006-02",0,4.32,37.9
"Asheville",2006,75,4,12.9711889070514,0,"2006-03",0,9.02,28.6
"Asheville",2006,76,4,11.8218804886067,0,"2006-04",0,15.86,130.4
"Asheville",2006,77,4,12.7889104627921,0,"2006-05",0,17.13,71.9
"Asheville",2006,78,4,16.5457733241684,0,"2006-06",0,21.4,102.1
"Asheville",2006,79,4,20.1459289417259,0,"2006-07",0,24.16,76.9
"Asheville",2006,80,4,19.1028494016343,0,"2006-08",0,24.57,91.9
"Asheville",2006,81,4,14.2383022904726,0,"2006-09",0,18.36,96.3
"Asheville",2006,82,4,9.50731950025771,0,"2006-10",0,12.39,60.6
"Asheville",2006,83,4,8.48577794009719,0,"2006-11",0,8.9,98.5
"Asheville",2006,84,4,8.74017207582797,0,"2006-12",0,6.62,100.9
"Asheville",2007,85,4,7.40544589061109,0,"2007-01",0,4.18,43.2
"Asheville",2007,86,4,8.92360512342549,0,"2007-02",0,2.23,24.8
"Asheville",2007,87,4,13.7438993208253,0,"2007-03",0,11.98,88
"Asheville",2007,88,4,9.6530304735627,0,"2007-04",0,11.95,40.2
"Asheville",2007,89,4,14.6596964611584,0,"2007-05",0,18.39,18.7
"Asheville",2007,90,4,17.674368245572,0,"2007-06",0,22.11,38.1
"Asheville",2007,91,4,17.1739311216347,0,"2007-07",0,22.53,93
"Asheville",2007,92,4,22.5987135508408,0,"2007-08",0,25.53,28.1
"Asheville",2007,93,4,17.5831134917825,0,"2007-09",0,21.14,68.1
"Asheville",2007,94,4,8.10394929356403,0,"2007-10",0,16.14,50
"Asheville",2007,95,4,9.38659900520847,0,"2007-11",0,8.32,30.3
"Asheville",2007,96,4,8.4664985437563,0,"2007-12",0,7.28,76.8
"Asheville",2008,100,4,8.75110643365077,0,"2008-04",0,13.56,58.7
"Asheville",2008,101,4,10.5407107620893,0,"2008-05",0,17.65,39.5
"Asheville",2008,102,4,13.640914448531,0,"2008-06",0,22.75,35.6
"Asheville",2008,103,4,15.0597949942628,0,"2008-07",0,23.34,49.8
"Asheville",2008,104,4,13.2025928941058,0,"2008-08",0,23.13,124.2
"Asheville",2008,105,4,10.5119746549825,0,"2008-09",0,20.28,38.2
"Asheville",2008,106,4,8.28383232161089,0,"2008-10",0,12.93,26.4
"Asheville",2008,107,4,7.80011157240116,0,"2008-11",0,6.75,57.5
"Asheville",2008,108,4,5.44786843542209,0,"2008-12",0,6.1,73.9
"Asheville",2008,97,4,7.60162206949312,0,"2008-01",0,2.77,45
"Asheville",2008,98,4,8.56573216429697,0,"2008-02",0,6.33,85.6
"Asheville",2008,99,4,9.52759456832379,0,"2008-03",0,8.58,93.9
"Asheville",2009,109,4,7.87031749013341,0,"2009-01",0,2.94,48
"Asheville",2009,110,4,9.16959215736841,0,"2009-02",0,4.7,45.7
"Asheville",2009,111,4,9.44893140839759,0,"2009-03",0,9.33,78.5
"Asheville",2009,112,4,8.27378855056618,0,"2009-04",0,13.63,77.7
"Asheville",2009,113,4,6.86519590384382,0,"2009-05",0,18.31,195.8
"Asheville",2009,114,4,12.367036222851,0,"2009-06",0,22.7,82.8
"Asheville",2009,115,4,11.7177571669558,0,"2009-07",0,21.86,63.6
"Asheville",2009,116,4,11.4034778183682,0,"2009-08",0,23.09,173.6
"Asheville",2009,117,4,9.64372461623671,0,"2009-09",0,19.84,206.2
"Asheville",2009,118,4,5.56734205399662,0,"2009-10",0,13.2,98.5
"Asheville",2009,119,4,7.02144541618405,0,"2009-11",0,9.93,99.3
"Asheville",2009,120,4,6.86731382002554,0,"2009-12",0,3.38,173.5
"Asheville",2010,121,4,8.39955053932934,0,"2010-01",0,0.32,105.1
"Asheville",2010,122,4,8.8273783887217,0,"2010-02",0,0.36,83.5
"Asheville",2010,123,4,8.738357931922,0,"2010-03",0,7.38,72.8
"Asheville",2010,124,4,11.8634233147277,0,"2010-04",0,15.65,38
"Asheville",2010,125,4,10.1071154877869,0,"2010-05",0,19.55,67.4
"Asheville",2010,126,4,10.8971561164117,0,"2010-06",0,24.2,68.9
"Asheville",2010,127,4,12.8030388295579,0,"2010-07",0,25.47,58.3
"Asheville",2010,128,4,12.7098600708358,0,"2010-08",0,25.22,74.7
"Asheville",2010,129,4,10.2168107237559,0,"2010-09",0,20.9,82.7
"Asheville",2010,130,4,8.59909371547217,0,"2010-10",0,13.83,25.2
"Asheville",2010,131,4,8.8319518184431,0,"2010-11",0,8.8,88.5
"Asheville",2010,132,4,9.47538508135158,0,"2010-12",0,-1.01,39.7
"Asheville",2011,133,4,9.72265912908544,0,"2011-01",2.6,1.11,55.7
"Asheville",2011,134,4,9.3453309289188,0,"2011-02",3.2,6.59,62
"Asheville",2011,135,4,8.0451080041898,0,"2011-03",3,9.7,161.6
"Asheville",2011,136,4,8.93671935847851,0,"2011-04",3.4,16.09,125
"Asheville",2011,137,4,13.3610680208773,0,"2011-05",1.7,18.62,122.7
"Asheville",2011,138,4,14.5104782028976,0,"2011-06",1,23.27,81.2
"Asheville",2011,139,4,15.6318015751949,0,"2011-07",1.1,25.41,40.1
"Asheville",2011,140,4,13.9874732555307,0,"2011-08",1.4,24.25,48
"Asheville",2011,141,4,8.88514459980639,0,"2011-09",1.7,19.7,102.7
"Asheville",2011,142,4,6.82639147612707,0,"2011-10",1.6,13.3,47
"Asheville",2011,143,4,7.12056014428165,0,"2011-11",2.2,9.76,123.2
"Asheville",2011,144,4,6.96300225517323,0,"2011-12",2.3,7.36,92.5
"Asheville",2012,145,4,7.43680396933358,0,"2012-01",1.9,5.62,106
"Asheville",2012,146,4,9.33050562957101,0,"2012-02",2,7.31,27.9
"Asheville",2012,147,4,9.2970971598585,0,"2012-03",1.9,14.31,90.9
"Asheville",2012,148,4,9.03877039529476,0,"2012-04",1.8,15.2,151.4
"Asheville",2012,149,4,9.34557955403226,0,"2012-05",1.1,20.25,113.5
"Asheville",2012,150,4,10.6547831439378,0,"2012-06",1.1,21.98,57.6
"Asheville",2012,151,4,10.2993606706809,0,"2012-07",1,24.99,228.3
"Asheville",2012,152,4,9.43916809688114,0,"2012-08",0.9,22.91,43.8
"Asheville",2012,153,4,8.48305976227606,0,"2012-09",1.1,19.96,103
"Asheville",2012,154,4,7.30333643867667,0,"2012-10",1.6,13.37,77.9
"Asheville",2012,155,4,10.6803209177521,0,"2012-11",1.3,7.85,13.8
"Asheville",2012,156,4,8.25512225645291,0,"2012-12",1.7,6.72,99.3
"Asheville",2013,157,4,7.52450925968622,0,"2013-01",2.1,6.29,207.4
"Asheville",2013,158,4,7.56300594302134,0,"2013-02",2.2,4.56,80.2
"Asheville",2013,159,4,8.37168337657037,0,"2013-03",2.6,5.26,99.5
"Asheville",2013,160,4,7.95992897219678,0,"2013-04",1.8,13.66,147.2
"Asheville",2013,161,4,7.39160512446192,0,"2013-05",1.5,17.29,154.2
"Asheville",2013,162,4,8.15981735431307,0,"2013-06",0.9,22.4,158
"Asheville",2013,163,4,6.70019617212008,0,"2013-07",0.9,23.37,308.1
"Asheville",2013,164,4,8.87024817198989,0,"2013-08",0.7,22.52,82
"Asheville",2013,165,4,9.24096717916913,0,"2013-09",0.7,19.97,64.9
"Asheville",2013,166,4,7.68192241859155,0,"2013-10",0.8,14.95,42.8
"Asheville",2013,167,4,7.83935364557335,0,"2013-11",1.7,6.95,72.3
"Asheville",2013,168,4,7.96839694907556,0,"2013-12",1.8,5.98,136.4
"Asheville",2014,169,4,7.50142860760444,0,"2014-01",2.1,-0.36,38.2
"Asheville",2014,170,4,8.65828869050611,0,"2014-02",1.9,4.86,62.2
"Asheville",2014,171,4,9.00136727483186,0,"2014-03",2,7.6,53.5
"Asheville",2014,172,4,8.01924566380051,0,"2014-04",2,14.46,157
"Asheville",2014,173,4,9.06542894869919,0,"2014-05",1.2,18.88,71.7
"Asheville",2014,174,4,8.82134539617335,0,"2014-06",0.9,22.98,36.7
"Asheville",2014,175,4,9.77808253482042,0,"2014-07",0.7,22.27,118.1
"Asheville",2014,176,4,9.52110301206875,0,"2014-08",0.6,22.96,61.2
"Asheville",2014,177,4,6.3487875041378,0,"2014-09",0.6,21.42,151.8
"Asheville",2014,178,4,6.06347758647764,0,"2014-10",1.3,14.75,86
"Asheville",2014,179,4,7.83318826292808,0,"2014-11",1.8,6.1,63.9
"Asheville",2014,180,4,7.82220706908104,0,"2014-12",1.6,6.84,44.5
"Asheville",2015,181,4,7.20707835384903,0,"2015-01",2,3.2,50.7
"Asheville",2015,182,4,8.71681566360651,0,"2015-02",2.4,0.6,39.8
"Asheville",2015,183,4,6.33076390113047,0,"2015-03",1.7,10.85,43.1
"Asheville",2015,184,4,6.18613032618664,0,"2015-04",1.6,15.5,127.4
"Asheville",2015,185,4,8.73964823720414,0,"2015-05",1.2,20.19,32.9
"Asheville",2015,186,4,9.19541354591586,0,"2015-06",0.9,23.98,92.2
"Asheville",2015,187,4,10.3452177581626,0,"2015-07",0.6,24.89,118.3
"Asheville",2015,188,4,7.70075047541105,0,"2015-08",0.7,23.77,98.9
"Asheville",2015,189,4,7.11163385665227,0,"2015-09",0.7,20.94,141.8
"Asheville",2015,190,4,5.14199101669995,0,"2015-10",0.8,14.91,156.5
"Asheville",2015,191,4,5.10004886614254,0,"2015-11",1.4,11.53,215
"Asheville",2015,192,4,5.32208708334745,0,"2015-12",1.7,11.44,225.3
"Asheville",2016,193,4,5.71160857904996,0,"2016-01",0,1.5,73
"Asheville",2016,194,4,5.31414999459021,0,"2016-02",2.1,4.59,155.2
"Asheville",2016,195,4,7.44383967487612,0,"2016-03",2,12.46,25.1
"Asheville",2016,196,4,6.81892093166111,0,"2016-04",1.6,14.98,42.4
"Asheville",2016,197,4,8.00759277431829,0,"2016-05",1.1,18.14,65.7
"Asheville",2016,198,4,9.67228665605786,0,"2016-06",0.8,23.94,20.8
"Asheville",2016,199,4,8.53273466392591,0,"2016-07",0.4,26.03,147
"Asheville",2016,200,4,6.08624692874937,0,"2016-08",0.6,25.39,111.6
"Asheville",2016,201,4,6.72535486214718,0,"2016-09",0,22.93,42.9
"Asheville",2016,202,4,6.4368139004519,0,"2016-10",0,16.83,6.6
"Asheville",2016,203,4,12.2797622815537,0,"2016-11",0,11.09,39.2
"Asheville",2016,204,4,7.28994751358516,0,"2016-12",0,5.92,55.6
"Charlotte",2000,1,5,13.8966570949221,0,"2000-01",2.6,4.31,103.4
"Charlotte",2000,10,5,20.890095346002,0,"2000-10",2,15.88,0
"Charlotte",2000,11,5,20.7135720848729,0,"2000-11",2.1,9.3,69.9
"Charlotte",2000,12,5,15.6465644153186,0,"2000-12",2.6,1.79,27.2
"Charlotte",2000,2,5,16.4236436066096,0,"2000-02",2.4,8.07,65.8
"Charlotte",2000,3,5,13.2850273399241,0,"2000-03",3,12.81,91.2
"Charlotte",2000,4,5,11.0686017350633,0,"2000-04",3.2,13.92,139.2
"Charlotte",2000,5,5,16.6393530017646,0,"2000-05",2.5,20.75,29.7
"Charlotte",2000,6,5,17.3186649389045,0,"2000-06",2.4,24.36,88.3
"Charlotte",2000,7,5,21.323097364221,0,"2000-07",2.5,24.98,37.4
"Charlotte",2000,8,5,20.4680228325748,0,"2000-08",2.3,24.73,82.7
"Charlotte",2000,9,5,12.8221457929266,0,"2000-09",2.6,20.59,147.6
"Charlotte",2001,13,5,14.8247756450049,0,"2001-01",2.4,4.83,47.5
"Charlotte",2001,14,5,14.0174339261166,0,"2001-02",2.7,8.76,55.7
"Charlotte",2001,15,5,10.5021664013592,0,"2001-03",3.3,9.26,144.3
"Charlotte",2001,16,5,15.2893637309087,0,"2001-04",2.7,16.24,30
"Charlotte",2001,17,5,16.8813338016802,0,"2001-05",2.3,20.08,67.3
"Charlotte",2001,18,5,16.6695349753057,0,"2001-06",2.3,24.22,48.4
"Charlotte",2001,19,5,17.1679088962051,0,"2001-07",2.5,24.63,57.1
"Charlotte",2001,20,5,21.5500922443927,0,"2001-08",2.2,26.45,16.5
"Charlotte",2001,21,5,15.6364790977434,0,"2001-09",2.4,20.56,109.5
"Charlotte",2001,22,5,12.0988417517158,0,"2001-10",2.3,14.47,19.8
"Charlotte",2001,23,5,16.4515559874764,0,"2001-11",2.4,13.54,21.2
"Charlotte",2001,24,5,11.1829617983939,0,"2001-12",2.3,9.03,49.9
"Charlotte",2002,25,5,12.2027102037202,0,"2002-01",2.4,6.18,119.2
"Charlotte",2002,26,5,11.6836928232828,0,"2002-02",2.8,6.79,38.9
"Charlotte",2002,27,5,13.4616521939721,0,"2002-03",2.9,10.94,113.6
"Charlotte",2002,28,5,11.8948064075884,0,"2002-04",2.9,17.94,11.1
"Charlotte",2002,29,5,14.3954855419749,0,"2002-05",2.8,18.8,106.1
"Charlotte",2002,30,5,15.6667760043489,0,"2002-06",2.4,24.57,31.4
"Charlotte",2002,31,5,23.2594965960151,0,"2002-07",2.2,26.99,30.4
"Charlotte",2002,32,5,15.919882733931,0,"2002-08",2.5,25.56,109.7
"Charlotte",2002,33,5,14.2362591822018,0,"2002-09",2.6,22.93,90
"Charlotte",2002,34,5,13.399386485835,0,"2002-10",2,16.51,138.1
"Charlotte",2002,35,5,12.6913891775355,0,"2002-11",2.1,9.12,111.4
"Charlotte",2002,36,5,14.8774034983219,0,"2002-12",2.4,4.95,126
"Charlotte",2003,37,5,12.1279832640717,0,"2003-01",2.9,2.94,49.9
"Charlotte",2003,38,5,11.653121695236,0,"2003-02",2.9,5.88,91.8
"Charlotte",2003,39,5,12.2702657093433,0,"2003-03",3,12.28,179.3
"Charlotte",2003,40,5,12.8979139193546,0,"2003-04",3,14.77,209.5
"Charlotte",2003,41,5,12.8332334012501,0,"2003-05",2.6,19.11,271.8
"Charlotte",2003,42,5,17.3271711078417,0,"2003-06",2.4,22.65,128.6
"Charlotte",2003,43,5,15.3424940117003,0,"2003-07",2.1,24.75,210.7
"Charlotte",2003,44,5,19.2060164806693,0,"2003-08",1.7,25.35,263
"Charlotte",2003,45,5,15.6285866971472,0,"2003-09",2.6,21,68.3
"Charlotte",2003,46,5,15.2166728708678,0,"2003-10",2.3,15.66,36.4
"Charlotte",2003,47,5,13.3745863855963,0,"2003-11",2.5,13.14,21.4
"Charlotte",2003,48,5,11.29955854494,0,"2003-12",2.4,4.71,60.9
"Charlotte",2004,49,5,13.0826105240376,0,"2004-01",2.8,4.27,23.3
"Charlotte",2004,50,5,14.1951157048054,0,"2004-02",2.9,4.44,90.3
"Charlotte",2004,51,5,13.0123351422153,0,"2004-03",3,12.09,41
"Charlotte",2004,52,5,12.9630776211889,0,"2004-04",2.9,15.28,34.4
"Charlotte",2004,53,5,15.7240682079304,0,"2004-05",2.3,22.3,70.6
"Charlotte",2004,54,5,16.7900895201267,0,"2004-06",2.1,23.91,208.4
"Charlotte",2004,55,5,19.1228672621637,0,"2004-07",1.8,25.51,173.8
"Charlotte",2004,56,5,17.6705043308137,0,"2004-08",2.3,23.69,138.1
"Charlotte",2004,57,5,13.7549584825218,0,"2004-09",3.4,21.72,174.6
"Charlotte",2004,58,5,17.5736254915412,0,"2004-10",2,17.26,19.3
"Charlotte",2004,59,5,12.0745682840816,0,"2004-11",2.1,11.74,79.3
"Charlotte",2004,60,5,12.3841774579017,0,"2004-12",2.5,5.53,69.8
"Charlotte",2005,61,5,12.775374391014,0,"2005-01",3,6.74,42.2
"Charlotte",2005,62,5,13.7534503155901,0,"2005-02",2.6,7.39,75
"Charlotte",2005,63,5,12.4261052026603,0,"2005-03",3,9.43,134
"Charlotte",2005,64,5,11.5732077822513,0,"2005-04",3.1,14.74,76.3
"Charlotte",2005,65,5,15.4546028006282,0,"2005-05",2.5,18.19,61.6
"Charlotte",2005,66,5,16.0767996354929,0,"2005-06",2.2,23.63,208.9
"Charlotte",2005,67,5,18.3071840381169,0,"2005-07",2,26.4,77.4
"Charlotte",2005,68,5,21.9810936941627,0,"2005-08",2,26.37,50
"Charlotte",2005,69,5,18.9349097240803,0,"2005-09",2.9,23.83,9.2
"Charlotte",2005,70,5,13.5645992172214,0,"2005-10",2.3,16.63,118.4
"Charlotte",2005,71,5,13.2977066413377,0,"2005-11",2.5,10.97,77.8
"Charlotte",2005,72,5,12.4250715334852,0,"2005-12",2.2,4.5,133.6
"Charlotte",2006,73,5,8.87843550336632,0,"2006-01",2.9,8.33,82.2
"Charlotte",2006,74,5,12.0450129555507,0,"2006-02",2.6,6.41,30
"Charlotte",2006,75,5,12.7018692920315,0,"2006-03",3.1,10.94,33.5
"Charlotte",2006,76,5,12.2434301377883,0,"2006-04",2.7,17.27,60.1
"Charlotte",2006,77,5,12.6550996235592,0,"2006-05",2.3,18.77,31.7
"Charlotte",2006,78,5,17.4267071930937,0,"2006-06",2.3,23.64,188
"Charlotte",2006,79,5,21.3369423103619,0,"2006-07",2,25.68,92.7
"Charlotte",2006,80,5,19.8500461618016,0,"2006-08",1.9,26,183.2
"Charlotte",2006,81,5,15.4809683973783,0,"2006-09",2.2,21.02,111.3
"Charlotte",2006,82,5,11.2315110727142,0,"2006-10",2.4,14.33,96.6
"Charlotte",2006,83,5,10.8796250680928,0,"2006-11",2.9,10.92,160.2
"Charlotte",2006,84,5,13.2929907471992,0,"2006-12",2.2,8.54,60.3
"Charlotte",2007,85,5,8.17160338920545,0,"2007-01",2.6,6.69,85.9
"Charlotte",2007,86,5,9.63732146497317,0,"2007-02",2.7,5.02,70.4
"Charlotte",2007,87,5,13.741261017713,0,"2007-03",3,13.75,111.7
"Charlotte",2007,88,5,10.4386810883687,0,"2007-04",2.9,14.74,104.7
"Charlotte",2007,89,5,14.5631288051844,0,"2007-05",2.8,19.78,15.3
"Charlotte",2007,90,5,16.9930435823224,0,"2007-06",2.5,24.41,65.2
"Charlotte",2007,91,5,16.6455283258581,0,"2007-07",2.2,24.85,51.8
"Charlotte",2007,92,5,23.0637090316442,0,"2007-08",2.2,28.73,10.5
"Charlotte",2007,93,5,16.1553414930669,0,"2007-09",2.5,23.86,27.2
"Charlotte",2007,94,5,8.57449118939451,0,"2007-10",2.4,18.94,64.6
"Charlotte",2007,95,5,11.3885767670565,0,"2007-11",2.6,10.01,11.9
"Charlotte",2007,96,5,10.5527996809133,1,"2007-12",2.7,9.32,107.6
"Charlotte",2008,100,5,9.57974991490367,1,"2008-04",3.3,14.79,94
"Charlotte",2008,101,5,12.2163253293153,1,"2008-05",3.8,19.52,55.6
"Charlotte",2008,102,5,17.4917638717696,1,"2008-06",3,26.12,68.4
"Charlotte",2008,103,5,16.4484877177375,1,"2008-07",2.7,25.84,90.7
"Charlotte",2008,104,5,15.2010403921915,1,"2008-08",2.8,25.3,238.5
"Charlotte",2008,105,5,12.5043609163558,1,"2008-09",3.2,21.95,101.3
"Charlotte",2008,106,5,9.9138058347981,1,"2008-10",2.7,14.59,37.9
"Charlotte",2008,107,5,10.85780925646,1,"2008-11",2.9,8.1,69.8
"Charlotte",2008,108,5,8.84520304051004,1,"2008-12",3,8.26,82.3
"Charlotte",2008,97,5,10.9569287601189,1,"2008-01",2.8,4.74,46.9
"Charlotte",2008,98,5,11.1145465208292,1,"2008-02",3.1,8.18,70.1
"Charlotte",2008,99,5,10.9593520475704,1,"2008-03",3.8,11.26,117.9
"Charlotte",2009,109,5,10.4568074690935,1,"2009-01",3.1,4.41,64
"Charlotte",2009,110,5,10.040491525517,1,"2009-02",3.7,6.94,56.1
"Charlotte",2009,111,5,9.84828846339554,1,"2009-03",3.5,10.38,137.3
"Charlotte",2009,112,5,8.53957556547736,1,"2009-04",3.6,15.56,58.4
"Charlotte",2009,113,5,7.50117688198094,1,"2009-05",3.5,20.59,185
"Charlotte",2009,114,5,13.7511238631968,1,"2009-06",2.1,24.88,120.3
"Charlotte",2009,115,5,13.6496015066026,1,"2009-07",2.6,24.99,119.3
"Charlotte",2009,116,5,12.683015475663,1,"2009-08",2.1,25.79,42.1
"Charlotte",2009,117,5,10.6450771904731,1,"2009-09",2.5,22.02,42.6
"Charlotte",2009,118,5,7.58397460738013,1,"2009-10",2.4,15.11,91.1
"Charlotte",2009,119,5,9.20678451713512,1,"2009-11",2.8,11.72,129
"Charlotte",2009,120,5,9.61098724608125,1,"2009-12",2.4,4.4,178.1
"Charlotte",2010,121,5,9.74606155860302,1,"2010-01",2.8,3.08,124.1
"Charlotte",2010,122,5,9.98032505762405,1,"2010-02",2.7,3.53,96.3
"Charlotte",2010,123,5,8.41120782289603,1,"2010-03",3,10.49,111.1
"Charlotte",2010,124,5,11.9260001961575,1,"2010-04",2.8,17.03,36.7
"Charlotte",2010,125,5,10.9581765161213,1,"2010-05",2.8,21.92,85.6
"Charlotte",2010,126,5,12.8999085751615,1,"2010-06",2.2,26.8,73.5
"Charlotte",2010,127,5,14.4041746906949,1,"2010-07",2.4,27.78,63
"Charlotte",2010,128,5,14.2777921532237,1,"2010-08",2.2,27.15,120.7
"Charlotte",2010,129,5,11.0832252571441,1,"2010-09",2.4,24.09,106.1
"Charlotte",2010,130,5,9.54066479298495,1,"2010-10",2.4,16.49,28.7
"Charlotte",2010,131,5,10.090608452272,1,"2010-11",2.4,10.51,35.1
"Charlotte",2010,132,5,11.4367507476156,1,"2010-12",2.4,1.54,44.4
"Charlotte",2011,133,5,12.3788912498704,1,"2011-01",2.2,2.97,35
"Charlotte",2011,134,5,9.69724153168706,1,"2011-02",3.2,8.89,87.5
"Charlotte",2011,135,5,8.28837258298863,1,"2011-03",3.3,11.38,114.7
"Charlotte",2011,136,5,8.40273202254175,1,"2011-04",4,17.37,84.3
"Charlotte",2011,137,5,12.6761257448146,1,"2011-05",2.4,20.94,120.2
"Charlotte",2011,138,5,15.2523409937087,1,"2011-06",2.1,25.74,78.8
"Charlotte",2011,139,5,15.6784631669387,1,"2011-07",2.1,27.64,89.8
"Charlotte",2011,140,5,13.0384183870193,1,"2011-08",2.2,26.25,131.6
"Charlotte",2011,141,5,8.97882357815747,1,"2011-09",2.3,22.2,141
"Charlotte",2011,142,5,7.23960062799588,1,"2011-10",2.8,14.9,77.3
"Charlotte",2011,143,5,8.00471201341898,1,"2011-11",2.8,11.17,84.8
"Charlotte",2011,144,5,8.91218479504195,1,"2011-12",2.6,8.83,86.5
"Charlotte",2012,145,5,8.05444334122084,1,"2012-01",2.7,7.05,57.9
"Charlotte",2012,146,5,10.1968442501151,1,"2012-02",2.8,8.29,32.9
"Charlotte",2012,147,5,8.83464628882812,1,"2012-03",2.7,16.25,98.8
"Charlotte",2012,148,5,8.82815103546285,1,"2012-04",2.8,16.19,42.4
"Charlotte",2012,149,5,9.09677593330646,1,"2012-05",2.7,21.94,150.4
"Charlotte",2012,150,5,10.1039421743817,1,"2012-06",2.4,23.73,26
"Charlotte",2012,151,5,11.1958918892225,1,"2012-07",2,27.92,101.1
"Charlotte",2012,152,5,9.43919952603154,1,"2012-08",2,25.04,79.3
"Charlotte",2012,153,5,8.7277811166544,1,"2012-09",2.2,21.85,122.6
"Charlotte",2012,154,5,8.11905825184297,1,"2012-10",2.4,15.7,30.8
"Charlotte",2012,155,5,11.0332451151323,1,"2012-11",2.6,8.88,16.5
"Charlotte",2012,156,5,9.34345038161036,1,"2012-12",2.6,9.37,97.6
"Charlotte",2013,157,5,10.6359074656503,1,"2013-01",2.7,7.26,109.3
"Charlotte",2013,158,5,7.3730667672086,1,"2013-02",2.9,5.95,88
"Charlotte",2013,159,5,9.13296963051278,1,"2013-03",3.1,7.8,87.4
"Charlotte",2013,160,5,8.69749132798315,1,"2013-04",3.2,15.97,116
"Charlotte",2013,161,5,8.12718754134854,1,"2013-05",3,19.13,76.3
"Charlotte",2013,162,5,9.18764967730495,1,"2013-06",2.9,24.63,185.6
"Charlotte",2013,163,5,8.01428224262997,1,"2013-07",2.7,25.63,189.6
"Charlotte",2013,164,5,10.0018828195105,1,"2013-08",2.2,24.57,45.7
"Charlotte",2013,165,5,11.2737369561996,1,"2013-09",2.2,22.37,77.8
"Charlotte",2013,166,5,9.71424681265732,1,"2013-10",2.2,16.9,12.2
"Charlotte",2013,167,5,8.69316264052107,1,"2013-11",2.7,8.72,92.2
"Charlotte",2013,168,5,9.28256954874626,1,"2013-12",2.5,8.05,181.2
"Charlotte",2014,169,5,7.88828964840325,1,"2014-01",2.8,2,73.9
"Charlotte",2014,170,5,9.90515926602407,1,"2014-02",3,7.47,101.8
"Charlotte",2014,171,5,9.24357367420411,1,"2014-03",3.3,8.52,113.9
"Charlotte",2014,172,5,8.75243546291223,1,"2014-04",3.4,16.27,186.5
"Charlotte",2014,173,5,10.3458235614676,1,"2014-05",2.4,20.91,102.9
"Charlotte",2014,174,5,10.3162413343366,1,"2014-06",2.4,25.08,72.3
"Charlotte",2014,175,5,9.91233435199392,1,"2014-07",2.4,25.28,111.2
"Charlotte",2014,176,5,10.3480469129419,1,"2014-08",2.2,24.64,95
"Charlotte",2014,177,5,6.90121510694193,1,"2014-09",2.4,22.3,101.4
"Charlotte",2014,178,5,7.47970135476059,1,"2014-10",2.7,17.22,34.2
"Charlotte",2014,179,5,9.36897796457128,1,"2014-11",2.9,8.48,96.3
"Charlotte",2014,180,5,9.66235470089146,1,"2014-12",2.2,7.65,65.3
"Charlotte",2015,181,5,9.37017298343928,1,"2015-01",2.6,4.65,71.2
"Charlotte",2015,182,5,11.6196708706262,1,"2015-02",3.3,3.02,76.8
"Charlotte",2015,183,5,9.03561426180844,1,"2015-03",3,12.28,55.7
"Charlotte",2015,184,5,7.9054852165301,1,"2015-04",3,16.77,156
"Charlotte",2015,185,5,9.82814271493565,1,"2015-05",2.8,22.04,8.1
"Charlotte",2015,186,5,10.6618535275607,1,"2015-06",2.6,26.71,73.7
"Charlotte",2015,187,5,12.4511114420608,1,"2015-07",2.6,27.79,30.7
"Charlotte",2015,188,5,9.15842667643086,1,"2015-08",2.5,26.35,97.5
"Charlotte",2015,189,5,7.2055065036128,1,"2015-09",2.7,22.77,69.8
"Charlotte",2015,190,5,7.32783718741769,1,"2015-10",2.8,15.77,141.6
"Charlotte",2015,191,5,8.33133827132156,1,"2015-11",2.4,12.56,255
"Charlotte",2015,192,5,8.36496676774763,1,"2015-12",2.5,13,221
"Charlotte",2016,193,5,7.06121533814744,1,"2016-01",2.7,4.14,58
"Charlotte",2016,194,5,7.30622052760788,1,"2016-02",3.4,6.98,114.3
"Charlotte",2016,195,5,8.91128440936466,1,"2016-03",3.3,14.72,21.6
"Charlotte",2016,196,5,7.56117879697518,1,"2016-04",3.5,16.54,51.5
"Charlotte",2016,197,5,7.72034110826801,1,"2016-05",2.8,20.05,142.9
"Charlotte",2016,198,5,9.34296551311355,1,"2016-06",2.9,25.78,71.8
"Charlotte",2016,199,5,8.60727735142852,1,"2016-07",2.4,28.25,39.4
"Charlotte",2016,200,5,7.41757287347755,1,"2016-08",2.7,28.04,47.8
"Charlotte",2016,201,5,8.16408152643408,1,"2016-09",2.9,24.91,138.2
"Charlotte",2016,202,5,7.37683871299379,1,"2016-10",2.8,17.91,70.6
"Charlotte",2016,203,5,18.7754240374848,1,"2016-11",2.5,11.94,22.4
"Charlotte",2016,204,5,9.71858193590272,1,"2016-12",2.7,7.02,74
"Cincinnati",2000,1,1,16.6316252997025,0,"2000-01",3.4,-1.24,104.3
"Cincinnati",2000,10,1,21.3454808073659,0,"2000-10",1.6,14.66,31
"Cincinnati",2000,11,1,16.832085520712,0,"2000-11",3.1,5.95,55.8
"Cincinnati",2000,12,1,16.6329433274485,0,"2000-12",3.3,-3.67,80.1
"Cincinnati",2000,2,1,19.4115697975945,0,"2000-02",3.2,5.12,145.6
"Cincinnati",2000,3,1,14.3405653089886,0,"2000-03",3,8.51,81.9
"Cincinnati",2000,4,1,13.4061345582207,0,"2000-04",2.9,11.85,96.8
"Cincinnati",2000,5,1,15.5011876286158,0,"2000-05",3,19.02,122.3
"Cincinnati",2000,6,1,18.0690927322023,0,"2000-06",2.7,22.36,125.8
"Cincinnati",2000,7,1,20.2663591130366,0,"2000-07",2.2,22.81,99.1
"Cincinnati",2000,8,1,19.7142052196207,0,"2000-08",2.1,22.41,73.5
"Cincinnati",2000,9,1,14.1958418794908,0,"2000-09",2.3,18.95,146.3
"Cincinnati",2001,13,1,20.3896672300273,0,"2001-01",2.7,-0.34,32.3
"Cincinnati",2001,14,1,15.4252101285383,0,"2001-02",3.3,3.5,43
"Cincinnati",2001,15,1,15.1542639213224,0,"2001-03",3.2,4.97,33.5
"Cincinnati",2001,16,1,14.148341773202,0,"2001-04",3.7,14.68,50.5
"Cincinnati",2001,17,1,17.1039176073166,0,"2001-05",2.2,17.89,146
"Cincinnati",2001,18,1,18.0742428532491,0,"2001-06",2.1,21.05,97.2
"Cincinnati",2001,19,1,21.4179302410733,0,"2001-07",1.9,23.48,200.6
"Cincinnati",2001,20,1,24.4517926016161,0,"2001-08",1.8,24.04,161.8
"Cincinnati",2001,21,1,15.2404760458507,0,"2001-09",2,17.95,47.5
"Cincinnati",2001,22,1,12.6643269610321,0,"2001-10",2.9,12.7,147.3
"Cincinnati",2001,23,1,16.9453835256087,0,"2001-11",2.2,9.34,76.6
"Cincinnati",2001,24,1,13.2525682759982,0,"2001-12",2.8,4.18,97.1
"Cincinnati",2002,25,1,14.4931347054099,0,"2002-01",3,2.38,58.5
"Cincinnati",2002,26,1,10.3613612540399,0,"2002-02",3.5,2.49,37.8
"Cincinnati",2002,27,1,12.8950253622907,0,"2002-03",3.6,5.81,109.2
"Cincinnati",2002,28,1,11.3609039125964,0,"2002-04",3.2,13.08,161.5
"Cincinnati",2002,29,1,12.8811108180953,0,"2002-05",2.6,15.57,182.3
"Cincinnati",2002,30,1,22.144960032776,0,"2002-06",2.1,22.77,71.4
"Cincinnati",2002,31,1,25.1717030042482,0,"2002-07",2.1,25.57,40.4
"Cincinnati",2002,32,1,20.4248671564724,0,"2002-08",2.2,24.88,63.7
"Cincinnati",2002,33,1,18.9905457743133,0,"2002-09",1.7,21.54,155.3
"Cincinnati",2002,34,1,14.2888608056932,0,"2002-10",2.2,12.11,105.8
"Cincinnati",2002,35,1,12.5771318201907,0,"2002-11",3.5,5.47,52.4
"Cincinnati",2002,36,1,14.6969211033335,0,"2002-12",3.5,1.35,112.6
"Cincinnati",2003,37,1,13.3548802450119,0,"2003-01",3.5,-3.86,34.9
"Cincinnati",2003,38,1,16.4270401614652,0,"2003-02",3.4,-1.49,80.3
"Cincinnati",2003,39,1,14.7253129582011,0,"2003-03",2.7,7.08,56.4
"Cincinnati",2003,40,1,14.5724668214718,0,"2003-04",3.4,12.55,50.6
"Cincinnati",2003,41,1,14.5354512824767,0,"2003-05",2.9,16.66,210.3
"Cincinnati",2003,42,1,18.2609317143137,0,"2003-06",2.2,19.9,73.1
"Cincinnati",2003,43,1,19.6657051502937,0,"2003-07",2.3,23.19,149.9
"Cincinnati",2003,44,1,23.3152888093985,0,"2003-08",1.6,23.57,166.4
"Cincinnati",2003,45,1,16.1268514750525,0,"2003-09",1.9,18.17,163.7
"Cincinnati",2003,46,1,12.8772698050185,0,"2003-10",2.2,12.33,47.6
"Cincinnati",2003,47,1,12.3993205684858,0,"2003-11",3.1,9.14,101.1
"Cincinnati",2003,48,1,10.9453696556269,0,"2003-12",3.1,2.14,52.9
"Cincinnati",2004,49,1,11.6476598930575,0,"2004-01",3.8,-2.01,110.2
"Cincinnati",2004,50,1,16.1476535607643,0,"2004-02",3.1,1.39,33.1
"Cincinnati",2004,51,1,13.0194049705601,0,"2004-03",3.1,7.74,85.1
"Cincinnati",2004,52,1,12.0702826256553,0,"2004-04",3.4,12.21,99.9
"Cincinnati",2004,53,1,14.4820237404877,0,"2004-05",3,19.83,150.7
"Cincinnati",2004,54,1,15.4233569887156,0,"2004-06",2.4,21.92,48.8
"Cincinnati",2004,55,1,17.8933452062549,0,"2004-07",2.4,23.35,183.6
"Cincinnati",2004,56,1,16.5252262720418,0,"2004-08",2.1,21.65,56.3
"Cincinnati",2004,57,1,18.9256670439305,0,"2004-09",1.7,19.98,46
"Cincinnati",2004,58,1,14.6486217691112,0,"2004-10",2.1,13.46,105
"Cincinnati",2004,59,1,11.900576315634,0,"2004-11",2.4,8.93,111.3
"Cincinnati",2004,60,1,12.8335561356658,0,"2004-12",3.3,1.33,79.8
"Cincinnati",2005,61,1,13.1347706096487,0,"2005-01",3.3,1.36,147.9
"Cincinnati",2005,62,1,17.1498959289997,0,"2005-02",2.6,3.33,43.7
"Cincinnati",2005,63,1,14.7242929739577,0,"2005-03",3.2,4.09,102.4
"Cincinnati",2005,64,1,12.4984873554669,0,"2005-04",3,13.03,88.9
"Cincinnati",2005,65,1,13.6901542986593,0,"2005-05",2.2,15.41,55.9
"Cincinnati",2005,66,1,18.6459714543074,0,"2005-06",2.1,23.27,144.6
"Cincinnati",2005,67,1,18.4356540651812,0,"2005-07",2.2,25.06,52.3
"Cincinnati",2005,68,1,20.8343696389948,0,"2005-08",1.9,25.21,142.1
"Cincinnati",2005,69,1,22.4771252558877,0,"2005-09",1.5,21.35,49.9
"Cincinnati",2005,70,1,14.8315233540451,0,"2005-10",1.8,13.69,49.8
"Cincinnati",2005,71,1,11.2805981224403,0,"2005-11",3.3,7.65,113
"Cincinnati",2005,72,1,14.8409436134802,0,"2005-12",2.9,-0.26,48.9
"Cincinnati",2006,73,1,9.86135765141056,0,"2006-01",3.7,5.5,93.1
"Cincinnati",2006,74,1,12.0101850370743,0,"2006-02",3.6,1.92,35.8
"Cincinnati",2006,75,1,12.6729930833943,0,"2006-03",2.9,5.64,137.6
"Cincinnati",2006,76,1,11.5010668712978,0,"2006-04",2.8,13.94,106.8
"Cincinnati",2006,77,1,12.4511263806733,0,"2006-05",2.6,16.59,70.4
"Cincinnati",2006,78,1,15.9145201469461,0,"2006-06",2,20.86,70.5
"Cincinnati",2006,79,1,21.7981837767387,0,"2006-07",2.1,24.97,143.9
"Cincinnati",2006,80,1,20.2933699719968,0,"2006-08",2,24.95,61.3
"Cincinnati",2006,81,1,13.5705235249984,0,"2006-09",2.3,18.11,156.1
"Cincinnati",2006,82,1,10.1494709677514,0,"2006-10",2.7,11.75,109.8
"Cincinnati",2006,83,1,14.5771332506711,0,"2006-11",2,8.08,48.4
"Cincinnati",2006,84,1,12.4933740833714,0,"2006-12",2.8,4.63,72.6
"Cincinnati",2007,85,1,9.55429256437046,0,"2007-01",3.8,2.48,86.7
"Cincinnati",2007,86,1,12.7561710994425,0,"2007-02",3,-4.42,77.4
"Cincinnati",2007,87,1,13.4328545473756,0,"2007-03",3.4,10.14,81.8
"Cincinnati",2007,88,1,10.9521262934431,0,"2007-04",3.6,11.35,71.6
"Cincinnati",2007,89,1,19.7842472359658,0,"2007-05",2,19.42,17.6
"Cincinnati",2007,90,1,18.495550112923,0,"2007-06",1.9,23.17,67.5
"Cincinnati",2007,91,1,17.0682373259577,0,"2007-07",2,23.38,59.9
"Cincinnati",2007,92,1,21.1494189594542,0,"2007-08",2.1,27.07,33.6
"Cincinnati",2007,93,1,16.645635115852,0,"2007-09",1.6,22.25,43
"Cincinnati",2007,94,1,11.502127353823,0,"2007-10",2.1,16.59,161.3
"Cincinnati",2007,95,1,12.8120468171624,0,"2007-11",2.6,7.17,56.6
"Cincinnati",2007,96,1,13.2865226010702,0,"2007-12",2.6,3.29,126.8
"Cincinnati",2008,100,1,11.6732518146746,0,"2008-04",2.7,12.58,72
"Cincinnati",2008,101,1,10.6428326114772,0,"2008-05",2.8,15.83,200.4
"Cincinnati",2008,102,1,12.0949037620798,0,"2008-06",2.5,22.72,112.5
"Cincinnati",2008,103,1,16.4057744581613,0,"2008-07",1.7,24.14,54.3
"Cincinnati",2008,104,1,13.6818700462219,0,"2008-08",1.7,23.65,39.4
"Cincinnati",2008,105,1,14.8645804552982,0,"2008-09",1.5,21.42,39
"Cincinnati",2008,106,1,9.21861215197151,0,"2008-10",1.9,13.02,40.1
"Cincinnati",2008,107,1,13.1698952169468,0,"2008-11",2.3,5.76,45.3
"Cincinnati",2008,108,1,9.84216701419604,0,"2008-12",3.7,1.9,98.8
"Cincinnati",2008,97,1,12.0178834843419,0,"2008-01",3.6,-0.01,51.2
"Cincinnati",2008,98,1,13.2443068819763,0,"2008-02",3.4,1.06,99.5
"Cincinnati",2008,99,1,11.6138008379888,0,"2008-03",3,5.78,234.1
"Cincinnati",2009,109,1,13.4501557747323,0,"2009-01",3.1,-2.53,65.9
"Cincinnati",2009,110,1,12.0795056676891,0,"2009-02",3.5,2.68,53.5
"Cincinnati",2009,111,1,12.0615584341989,0,"2009-03",3.3,8.97,43.4
"Cincinnati",2009,112,1,10.0068580561317,0,"2009-04",3.3,12.77,95.9
"Cincinnati",2009,113,1,11.6863829589659,0,"2009-05",1.8,17.96,89.4
"Cincinnati",2009,114,1,14.4118751575549,0,"2009-06",2,22.61,116.1
"Cincinnati",2009,115,1,12.6233139940568,0,"2009-07",1.8,21.59,132.2
"Cincinnati",2009,116,1,14.9944071608986,0,"2009-08",1.9,22.7,57.3
"Cincinnati",2009,117,1,11.7401969035156,0,"2009-09",1.8,19.49,122
"Cincinnati",2009,118,1,9.79905861889523,0,"2009-10",2.2,11.27,136
"Cincinnati",2009,119,1,14.8641381835255,0,"2009-11",2,8.4,20.6
"Cincinnati",2009,120,1,12.8241765018132,0,"2009-12",3,1.4,68.8
"Cincinnati",2010,121,1,15.4620692445746,0,"2010-01",3.1,-2.05,33.8
"Cincinnati",2010,122,1,18.0509508561476,0,"2010-02",2.8,-2.02,36.5
"Cincinnati",2010,123,1,12.2153489012572,0,"2010-03",2.3,7.78,101.8
"Cincinnati",2010,124,1,12.0315572897593,0,"2010-04",2.5,14.25,50.6
"Cincinnati",2010,125,1,11.2079369792595,0,"2010-05",2.3,18.98,119.4
"Cincinnati",2010,126,1,12.8035123933107,0,"2010-06",2.1,24.06,156.3
"Cincinnati",2010,127,1,17.7734645246378,0,"2010-07",1.7,25.24,85.8
"Cincinnati",2010,128,1,17.5102183916756,0,"2010-08",1.4,25.17,27.4
"Cincinnati",2010,129,1,10.3173953110663,0,"2010-09",2.2,20.98,12
"Cincinnati",2010,130,1,9.62769230827689,0,"2010-10",2.3,13.94,32.1
"Cincinnati",2010,131,1,14.2828825385931,0,"2010-11",2.2,6.78,142.9
"Cincinnati",2010,132,1,14.8219219995963,0,"2010-12",2.8,-2.01,32.6
"Cincinnati",2011,133,1,15.612592712225,0,"2011-01",2.8,-2.61,25.2
"Cincinnati",2011,134,1,12.4401936807803,0,"2011-02",3.3,2.69,144.1
"Cincinnati",2011,135,1,10.6958533688298,0,"2011-03",3.2,7.23,90.6
"Cincinnati",2011,136,1,9.47936228221904,0,"2011-04",3.6,14,238
"Cincinnati",2011,137,1,12.9567666160123,0,"2011-05",2.2,17.65,115
"Cincinnati",2011,138,1,14.031809920383,0,"2011-06",2,22.6,204.7
"Cincinnati",2011,139,1,19.9243764974657,0,"2011-07",1.6,27.12,48.3
"Cincinnati",2011,140,1,13.9446766061949,0,"2011-08",1.8,24.06,59.4
"Cincinnati",2011,141,1,10.9048475293753,0,"2011-09",2,18.65,137.8
"Cincinnati",2011,142,1,9.83766663573202,0,"2011-10",2.1,12.76,86.3
"Cincinnati",2011,143,1,8.23100828736399,0,"2011-11",3.2,9.46,129.4
"Cincinnati",2011,144,1,11.9895261079073,0,"2011-12",2.3,4.51,81.2
"Cincinnati",2012,145,1,11.2440883001433,0,"2012-01",3.7,2.41,93.5
"Cincinnati",2012,146,1,12.3222461490539,0,"2012-02",2.8,3.88,15.5
"Cincinnati",2012,147,1,9.51793735276066,0,"2012-03",2.8,12.62,75.4
"Cincinnati",2012,148,1,9.42928417073563,0,"2012-04",2.8,12.33,101.1
"Cincinnati",2012,149,1,11.7698812076161,0,"2012-05",1.6,20.22,82.7
"Cincinnati",2012,150,1,10.6968848275952,0,"2012-06",2.1,22.3,34.8
"Cincinnati",2012,151,1,12.7595365693372,0,"2012-07",1.8,26.7,91.9
"Cincinnati",2012,152,1,11.0569378099735,0,"2012-08",1.5,23.5,25.3
"Cincinnati",2012,153,1,8.96875393213704,0,"2012-09",1.6,18.85,99.7
"Cincinnati",2012,154,1,7.54244993467845,0,"2012-10",2.9,11.92,42.4
"Cincinnati",2012,155,1,15.1045637148743,0,"2012-11",1.6,5.17,15
"Cincinnati",2012,156,1,11.6975477364876,0,"2012-12",2.6,4.3,86.4
"Cincinnati",2013,157,1,12.4371723803061,0,"2013-01",3.1,1.02,35.6
"Cincinnati",2013,158,1,10.1695478136784,0,"2013-02",3.2,0.68,12.1
"Cincinnati",2013,159,1,9.96029450407913,0,"2013-03",2.9,3.03,45.5
"Cincinnati",2013,160,1,8.33341806701695,0,"2013-04",3.1,12.15,58.5
"Cincinnati",2013,161,1,8.62468761824552,0,"2013-05",2.5,18.23,108
"Cincinnati",2013,162,1,10.7315544718877,0,"2013-06",2.1,22,90.7
"Cincinnati",2013,163,1,10.6831968732238,0,"2013-07",1.7,23.35,152.9
"Cincinnati",2013,164,1,12.7563316692268,0,"2013-08",1.5,22.76,47.6
"Cincinnati",2013,165,1,11.1576343198773,0,"2013-09",1.6,19.48,62.2
"Cincinnati",2013,166,1,9.47035965527738,0,"2013-10",1.7,12.74,135.6
"Cincinnati",2013,167,1,8.67978142503028,0,"2013-11",2.7,4.7,54.9
"Cincinnati",2013,168,1,12.2101917384913,0,"2013-12",3,2.02,116.3
"Cincinnati",2014,169,1,8.47039783574761,0,"2014-01",3.7,-4.55,49
"Cincinnati",2014,170,1,14.0858322544289,0,"2014-02",3.3,-2.14,63.5
"Cincinnati",2014,171,1,11.8764879938155,0,"2014-03",3.6,3.68,60.8
"Cincinnati",2014,172,1,8.73349151366079,0,"2014-04",3.3,12.45,166.8
"Cincinnati",2014,173,1,9.58739241284008,0,"2014-05",2.7,17.42,73.8
"Cincinnati",2014,174,1,11.1168215862145,0,"2014-06",2.1,22.36,103.7
"Cincinnati",2014,175,1,12.244447824395,0,"2014-07",2.3,21.51,86.4
"Cincinnati",2014,176,1,14.7658162911933,0,"2014-08",1.7,23.47,48.9
"Cincinnati",2014,177,1,10.4167433987372,0,"2014-09",1.9,18.55,62.7
"Cincinnati",2014,178,1,7.85296122324202,0,"2014-10",2.7,12.41,74.1
"Cincinnati",2014,179,1,8.71192844364171,0,"2014-11",3.5,3.47,42
"Cincinnati",2014,180,1,10.865721636587,0,"2014-12",2.6,2.42,85.4
"Cincinnati",2015,181,1,11.3541511143408,0,"2015-01",3.3,-1.37,52.2
"Cincinnati",2015,182,1,12.6640670564292,0,"2015-02",3.6,-5.36,17.1
"Cincinnati",2015,183,1,10.3561390004451,0,"2015-03",2.8,4.95,129.9
"Cincinnati",2015,184,1,6.48590301092093,0,"2015-04",3,12.31,132.7
"Cincinnati",2015,185,1,10.2821536710966,0,"2015-05",2.5,18.9,37.7
"Cincinnati",2015,186,1,10.6976395046338,0,"2015-06",2.6,22.27,139.8
"Cincinnati",2015,187,1,12.0593383434199,0,"2015-07",1.9,23.43,161.6
"Cincinnati",2015,188,1,9.4285911436403,0,"2015-08",1.6,21.88,77.3
"Cincinnati",2015,189,1,9.60201060669496,0,"2015-09",1.5,20.46,89.4
"Cincinnati",2015,190,1,7.03580736933697,0,"2015-10",2.6,13.27,99.9
"Cincinnati",2015,191,1,7.40744776654368,0,"2015-11",2.4,8.94,80.1
"Cincinnati",2015,192,1,7.88531463965774,0,"2015-12",2.9,7.47,146.4
"Cincinnati",2016,193,1,8.32196909675915,0,"2016-01",3.4,-1.02,28
"Cincinnati",2016,194,1,8.0821905278376,0,"2016-02",3.6,2.15,121.9
"Cincinnati",2016,195,1,7.56990142133568,0,"2016-03",3.3,9.4,114.6
"Cincinnati",2016,196,1,7.87228633789346,0,"2016-04",3.2,11.96,123.6
"Cincinnati",2016,197,1,8.23534833701448,0,"2016-05",2.2,16.15,76.7
"Cincinnati",2016,198,1,8.81234745886176,0,"2016-06",2.3,22.4,67.1
"Cincinnati",2016,199,1,9.34597773471426,0,"2016-07",1.9,24.56,196.7
"Cincinnati",2016,200,1,8.8950775605326,0,"2016-08",1.8,25.2,164.8
"Cincinnati",2016,201,1,9.59211889142171,0,"2016-09",1.7,21.29,75.2
"Cincinnati",2016,202,1,8.10275900146113,0,"2016-10",2.3,15.5,44.3
"Cincinnati",2016,203,1,9.91363715203479,0,"2016-11",2,8.44,32
"Cincinnati",2016,204,1,10.1778518981601,0,"2016-12",3,1.4,102.8
"Columbia",2000,1,3,12.7331950426623,0,"2000-01",2.9,6.14,225.4
"Columbia",2000,10,3,20.9712197950722,0,"2000-10",1.7,17.04,0
"Columbia",2000,11,3,19.1799178506022,0,"2000-11",2.3,11.25,83
"Columbia",2000,12,3,14.8064702500275,0,"2000-12",2.7,3.57,24.9
"Columbia",2000,2,3,16.6531323060036,0,"2000-02",2.5,10.05,29.9
"Columbia",2000,3,3,13.4692431899157,0,"2000-03",3,14.56,100.3
"Columbia",2000,4,3,11.2739992043393,0,"2000-04",3.5,16.32,37.4
"Columbia",2000,5,3,15.9541518043598,0,"2000-05",3.4,24.14,21.3
"Columbia",2000,6,3,15.4037950233551,0,"2000-06",2.7,26.74,69
"Columbia",2000,7,3,20.7700673000874,0,"2000-07",2.5,27.48,74.9
"Columbia",2000,8,3,19.5075642975254,0,"2000-08",2.4,26.9,93.6
"Columbia",2000,9,3,11.9420866315648,0,"2000-09",2.7,22.85,160.3
"Columbia",2001,13,3,14.6198513434845,0,"2001-01",2.6,6.66,47
"Columbia",2001,14,3,13.7626420438434,0,"2001-02",2.6,10.93,48.8
"Columbia",2001,15,3,10.9808929791993,0,"2001-03",3.4,11.69,135.4
"Columbia",2001,16,3,15.4117949372631,0,"2001-04",3.1,18.4,15.6
"Columbia",2001,17,3,17.4353062625528,0,"2001-05",2.6,22.58,116.6
"Columbia",2001,18,3,15.8125368587715,0,"2001-06",2.5,25.92,95.3
"Columbia",2001,19,3,17.3383359153653,0,"2001-07",2.6,26.9,83.1
"Columbia",2001,20,3,19.6552356284717,0,"2001-08",2.3,27.86,72.2
"Columbia",2001,21,3,14.3062229126187,0,"2001-09",2.3,22.6,46.7
"Columbia",2001,22,3,11.0458272247121,0,"2001-10",2.5,16.4,4.4
"Columbia",2001,23,3,15.3404688510518,0,"2001-11",2.1,14.82,17.5
"Columbia",2001,24,3,10.9480199100477,0,"2001-12",2.4,10.89,29.9
"Columbia",2002,25,3,12.5542384820143,0,"2002-01",2.6,8.69,62.8
"Columbia",2002,26,3,12.8808213825953,0,"2002-02",2.8,8.61,48.3
"Columbia",2002,27,3,12.4182837911484,0,"2002-03",2.8,13.91,90.2
"Columbia",2002,28,3,11.3232417869029,0,"2002-04",3.1,20.52,40.8
"Columbia",2002,29,3,13.7103379203558,0,"2002-05",2.9,20.93,238.5
"Columbia",2002,30,3,13.0151317310199,0,"2002-06",2.9,26.22,12.5
"Columbia",2002,31,3,19.2852375862571,0,"2002-07",2.7,28.82,85.6
"Columbia",2002,32,3,13.1238936290772,0,"2002-08",2.5,27.18,129.3
"Columbia",2002,33,3,12.6853555242894,0,"2002-09",2.6,25.27,186.9
"Columbia",2002,34,3,12.1753491049194,0,"2002-10",2,19.63,126.5
"Columbia",2002,35,3,12.8444864983613,0,"2002-11",2.3,11.34,70.4
"Columbia",2002,36,3,12.6971720808709,0,"2002-12",2.9,6.93,105.6
"Columbia",2003,37,3,10.9676404024748,0,"2003-01",3.4,5.63,36.5
"Columbia",2003,38,3,11.2946428278817,0,"2003-02",3.2,8.64,89.9
"Columbia",2003,39,3,12.1843208268798,0,"2003-03",2.8,14.45,188.5
"Columbia",2003,40,3,12.2848369016317,0,"2003-04",2.9,16.53,169
"Columbia",2003,41,3,12.4380721216517,0,"2003-05",3.1,21.82,139.5
"Columbia",2003,42,3,14.9883485477523,0,"2003-06",2.4,24.86,192.1
"Columbia",2003,43,3,13.915630348593,0,"2003-07",2.6,26.5,230
"Columbia",2003,44,3,16.2334510555288,0,"2003-08",2,27.07,92
"Columbia",2003,45,3,15.172622103745,0,"2003-09",2.4,22.71,108.7
"Columbia",2003,46,3,14.9785979696152,0,"2003-10",2.1,17.58,103.1
"Columbia",2003,47,3,11.8651110731276,0,"2003-11",2.4,14.9,31.1
"Columbia",2003,48,3,11.2727306073256,0,"2003-12",2.6,5.82,54.2
"Columbia",2004,49,3,12.8467448071224,0,"2004-01",3,6.35,30.4
"Columbia",2004,50,3,12.3651709740514,0,"2004-02",3.1,7,121.3
"Columbia",2004,51,3,12.4911156841286,0,"2004-03",3.2,14.4,22.2
"Columbia",2004,52,3,13.1910668531043,0,"2004-04",3.3,17.6,19.3
"Columbia",2004,53,3,15.0312199379461,0,"2004-05",2.6,24.23,117.1
"Columbia",2004,54,3,15.5728792667389,0,"2004-06",2.6,26.47,263.2
"Columbia",2004,55,3,19.264761723411,0,"2004-07",2.3,27.68,79.1
"Columbia",2004,56,3,15.4314757483849,0,"2004-08",2.4,25.75,117.4
"Columbia",2004,57,3,12.375128526169,0,"2004-09",3.8,23.72,183.7
"Columbia",2004,58,3,17.7425962526854,0,"2004-10",2.2,19.34,15.1
"Columbia",2004,59,3,11.4178186566143,0,"2004-11",2.1,13.5,58.8
"Columbia",2004,60,3,12.5041590872653,0,"2004-12",2.7,7.7,31.1
"Columbia",2005,61,3,14.0070103642848,0,"2005-01",2.9,9.1,49.4
"Columbia",2005,62,3,13.6653546328695,0,"2005-02",2.6,9.33,104.2
"Columbia",2005,63,3,12.0663894568068,0,"2005-03",3.8,12,123.7
"Columbia",2005,64,3,11.3187743762119,0,"2005-04",3.7,16.53,54.9
"Columbia",2005,65,3,16.9284819719112,0,"2005-05",2.8,20.28,68.6
"Columbia",2005,66,3,14.2089739117919,0,"2005-06",2.6,25.23,143.1
"Columbia",2005,67,3,17.0592491398619,0,"2005-07",2.3,27.86,301.4
"Columbia",2005,68,3,17.3945334220337,0,"2005-08",2.1,27.65,85.3
"Columbia",2005,69,3,18.4250429528581,0,"2005-09",2.7,25.81,0
"Columbia",2005,70,3,13.3820058485404,0,"2005-10",2.6,18.69,63
"Columbia",2005,71,3,12.7922096403305,0,"2005-11",2.5,12.98,71.7
"Columbia",2005,72,3,12.2901723582996,0,"2005-12",2.7,6.67,103.8
"Columbia",2006,73,3,9.9824849478269,0,"2006-01",3,10.43,71
"Columbia",2006,74,3,12.3035833277079,0,"2006-02",2.7,7.95,84.6
"Columbia",2006,75,3,14.2575799142682,0,"2006-03",3.2,12.58,22.7
"Columbia",2006,76,3,13.1332357818797,0,"2006-04",3.2,19.45,27.5
"Columbia",2006,77,3,14.8957862192454,0,"2006-05",3.1,21.59,33.5
"Columbia",2006,78,3,16.9153504138276,0,"2006-06",2.6,25.39,204.5
"Columbia",2006,79,3,19.0043475512535,0,"2006-07",2.2,27.77,82.7
"Columbia",2006,80,3,17.6236743020712,0,"2006-08",2.1,27.82,207.3
"Columbia",2006,81,3,16.1027007781853,0,"2006-09",2.3,23.01,66.9
"Columbia",2006,82,3,12.0679815262312,0,"2006-10",2.4,16.47,75.4
"Columbia",2006,83,3,11.5305753603493,0,"2006-11",2.4,12.4,143.9
"Columbia",2006,84,3,14.4459108322158,0,"2006-12",2,10.06,77.5
"Columbia",2007,85,3,8.49252546791694,0,"2007-01",2.9,8.9,77.9
"Columbia",2007,86,3,10.3661432872745,0,"2007-02",3,7.67,66.6
"Columbia",2007,87,3,14.6482288508939,0,"2007-03",2.6,15.05,87.7
"Columbia",2007,88,3,10.5321788033523,0,"2007-04",3.5,16.61,35.3
"Columbia",2007,89,3,15.2293164269268,0,"2007-05",2.9,21.53,10.2
"Columbia",2007,90,3,16.2896816677966,0,"2007-06",2.6,25.88,170.1
"Columbia",2007,91,3,16.4379878589011,0,"2007-07",2.3,26.33,57.4
"Columbia",2007,92,3,20.7505138281462,0,"2007-08",2.4,29.94,77.2
"Columbia",2007,93,3,13.6178100177797,0,"2007-09",2.5,25.13,18.3
"Columbia",2007,94,3,9.04987894341619,0,"2007-10",2.4,20.65,40.8
"Columbia",2007,95,3,13.0470750812757,0,"2007-11",2.5,12.06,11.7
"Columbia",2007,96,3,11.2062555438772,0,"2007-12",2.5,11.25,144.3
"Columbia",2008,100,3,9.46669078539994,0,"2008-04",3,16.68,88.5
"Columbia",2008,101,3,12.514813998542,0,"2008-05",3.5,21.51,45.8
"Columbia",2008,102,3,16.4898244185636,0,"2008-06",2.8,27.62,70.9
"Columbia",2008,103,3,15.2225933227466,0,"2008-07",2.7,27.27,89.5
"Columbia",2008,104,3,15.1330568239036,0,"2008-08",2.6,26.44,224.2
"Columbia",2008,105,3,11.6816701596066,0,"2008-09",2.7,23.65,59.6
"Columbia",2008,106,3,10.1642414819288,0,"2008-10",2.6,16.32,81.4
"Columbia",2008,107,3,10.9802886066464,0,"2008-11",2.4,9.66,127.2
"Columbia",2008,108,3,8.51364848146418,0,"2008-12",2.7,10.79,86.4
"Columbia",2008,97,3,11.7446685130965,0,"2008-01",2.6,7,81.1
"Columbia",2008,98,3,10.9485735111875,0,"2008-02",3.4,11.93,93.7
"Columbia",2008,99,3,12.3701286009259,0,"2008-03",3.4,13.55,76.9
"Columbia",2009,109,3,11.1319247482578,0,"2009-01",2.7,6.92,27.3
"Columbia",2009,110,3,12.6383076214184,0,"2009-02",3.1,8.92,76.3
"Columbia",2009,111,3,10.8580298091852,0,"2009-03",2.9,12.74,86.8
"Columbia",2009,112,3,8.39622467857296,0,"2009-04",3.5,17.24,70
"Columbia",2009,113,3,7.97256661201188,0,"2009-05",3,22.6,138.5
"Columbia",2009,114,3,13.9226445886712,0,"2009-06",2.2,27.17,91.7
"Columbia",2009,115,3,13.8212441013705,0,"2009-07",2.4,27.12,149.2
"Columbia",2009,116,3,12.1931758625642,0,"2009-08",1.8,27.56,97.1
"Columbia",2009,117,3,10.8673489491818,0,"2009-09",2.1,24.09,142.5
"Columbia",2009,118,3,7.84699050685367,0,"2009-10",2.1,17.39,172.5
"Columbia",2009,119,3,10.0480609056135,0,"2009-11",2,13.04,108
"Columbia",2009,120,3,9.08535034389949,0,"2009-12",2.3,6.88,236.6
"Columbia",2010,121,3,10.973761426125,0,"2010-01",2.6,5.02,80.9
"Columbia",2010,122,3,10.1988114144915,0,"2010-02",2.8,5.28,73.2
"Columbia",2010,123,3,9.70929046746745,0,"2010-03",2.8,11.89,59.5
"Columbia",2010,124,3,13.4624537852524,0,"2010-04",2.6,18.79,23.1
"Columbia",2010,125,3,10.2353793165604,0,"2010-05",2.5,24.43,53.4
"Columbia",2010,126,3,12.9343408626352,0,"2010-06",2.2,28.74,106.7
"Columbia",2010,127,3,13.7055300977336,0,"2010-07",2.3,29.1,195.8
"Columbia",2010,128,3,12.4020167595705,0,"2010-08",1.9,28.58,141.3
"Columbia",2010,129,3,12.3370286952304,0,"2010-09",1.8,26.07,49.3
"Columbia",2010,130,3,11.4752180251742,0,"2010-10",1.9,18.61,46.6
"Columbia",2010,131,3,10.1351168591087,0,"2010-11",1.9,12.82,37.1
"Columbia",2010,132,3,10.2526450157817,0,"2010-12",2.4,4.25,35.6
"Columbia",2011,133,3,11.833974302369,0,"2011-01",2.3,5.4,43.2
"Columbia",2011,134,3,10.4294724595388,0,"2011-02",2.8,11.2,106.9
"Columbia",2011,135,3,10.3666072359432,0,"2011-03",3.2,13.97,101.6
"Columbia",2011,136,3,9.49825707822196,0,"2011-04",3.5,19.86,70.1
"Columbia",2011,137,3,12.8969377254514,0,"2011-05",2.3,23.44,69.6
"Columbia",2011,138,3,15.9818217237117,0,"2011-06",2.4,28.5,72.9
"Columbia",2011,139,3,17.6032094559818,0,"2011-07",1.9,29.7,156.8
"Columbia",2011,140,3,13.9445862180878,0,"2011-08",2.1,28.76,101.9
"Columbia",2011,141,3,10.0721356818231,0,"2011-09",2.1,24.66,85.4
"Columbia",2011,142,3,8.27111155733246,0,"2011-10",2.4,16.66,51
"Columbia",2011,143,3,9.20943472089067,0,"2011-11",2.1,13.13,42.8
"Columbia",2011,144,3,9.02892968066734,0,"2011-12",2,10.86,28.2
"Columbia",2012,145,3,9.2930082106864,0,"2012-01",2.6,9.65,44.8
"Columbia",2012,146,3,10.7779493526295,0,"2012-02",2.4,11.23,62.5
"Columbia",2012,147,3,10.2244515435301,0,"2012-03",2.5,18.56,56.2
"Columbia",2012,148,3,9.67606011383278,0,"2012-04",2.6,19.44,57.9
"Columbia",2012,149,3,9.08888899680367,0,"2012-05",2.4,24.08,119.5
"Columbia",2012,150,3,9.80397406203599,0,"2012-06",2.2,25.28,106.2
"Columbia",2012,151,3,11.2434811684002,0,"2012-07",2.3,29.43,177
"Columbia",2012,152,3,8.97369215454542,0,"2012-08",1.7,26.89,249
"Columbia",2012,153,3,9.00786730040938,0,"2012-09",1.7,24.18,46.7
"Columbia",2012,154,3,8.6488873748065,0,"2012-10",2.2,18.35,36.1
"Columbia",2012,155,3,11.8581808858672,0,"2012-11",2,11.1,41.1
"Columbia",2012,156,3,8.79390567531346,0,"2012-12",2.5,11.39,89.2
"Columbia",2013,157,3,11.2807164265198,0,"2013-01",2.4,11.4,30.8
"Columbia",2013,158,3,7.76630802578845,0,"2013-02",2.7,8.73,139.9
"Columbia",2013,159,3,9.31788662853235,0,"2013-03",3.2,10.55,92.8
"Columbia",2013,160,3,7.71500942262552,0,"2013-04",2.7,18.34,117.6
"Columbia",2013,161,3,7.73019342066617,0,"2013-05",2.7,21.34,92
"Columbia",2013,162,3,9.12384964483606,0,"2013-06",2.6,26.19,156.9
"Columbia",2013,163,3,7.46352265062327,0,"2013-07",2.2,26.95,284.8
"Columbia",2013,164,3,9.94372954158069,0,"2013-08",1.9,26.28,190.9
"Columbia",2013,165,3,11.0348916545426,0,"2013-09",2,24.55,51.8
"Columbia",2013,166,3,9.54471476854295,0,"2013-10",1.7,19.07,50.4
"Columbia",2013,167,3,8.87998585475367,0,"2013-11",2.1,11.53,52.4
"Columbia",2013,168,3,8.87582704367828,0,"2013-12",2,10.87,149.3
"Columbia",2014,169,3,8.69556086577634,0,"2014-01",2.8,4.62,86.4
"Columbia",2014,170,3,10.5349814775637,0,"2014-02",2.6,9.38,74.2
"Columbia",2014,171,3,9.87010892674922,0,"2014-03",3.1,11.22,99.8
"Columbia",2014,172,3,9.50814355626955,0,"2014-04",3.3,18.65,76.1
"Columbia",2014,173,3,10.4594152358292,0,"2014-05",2.9,23.5,145.5
"Columbia",2014,174,3,10.6994783813801,0,"2014-06",2.6,27.78,35.8
"Columbia",2014,175,3,11.2070422123663,0,"2014-07",2.6,28.36,71.8
"Columbia",2014,176,3,10.4821732381512,0,"2014-08",2.2,27.75,124
"Columbia",2014,177,3,7.58862974372624,0,"2014-09",2.3,24.8,71.5
"Columbia",2014,178,3,8.47180971074717,0,"2014-10",2.4,19.31,77.5
"Columbia",2014,179,3,9.33030013600312,0,"2014-11",2.4,10.31,110.9
"Columbia",2014,180,3,10.44691585318,0,"2014-12",2,10.02,99.2
"Columbia",2015,181,3,9.40274864871884,0,"2015-01",2.5,7.1,66
"Columbia",2015,182,3,9.77364836831647,0,"2015-02",3.1,6.19,121.1
"Columbia",2015,183,3,8.23829314257683,0,"2015-03",3,14.76,70.7
"Columbia",2015,184,3,7.52063068612821,0,"2015-04",3,19.43,102.5
"Columbia",2015,185,3,8.52271268724939,0,"2015-05",2.6,23.04,43.5
"Columbia",2015,186,3,10.2045584599514,0,"2015-06",2.7,28.11,223.4
"Columbia",2015,187,3,11.2571948942035,0,"2015-07",2.7,29.62,38.9
"Columbia",2015,188,3,8.98621496820528,0,"2015-08",2.2,28.09,123.3
"Columbia",2015,189,3,6.93112913570498,0,"2015-09",2.3,24.85,156.1
"Columbia",2015,190,3,7.26354180191663,0,"2015-10",2.3,18.11,367.3
"Columbia",2015,191,3,8.13782647226826,0,"2015-11",2,15.02,139
"Columbia",2015,192,3,7.99485691309692,0,"2015-12",2.1,15.62,163.9
"Columbia",2016,193,3,7.45662910534816,0,"2016-01",2.6,6.87,49.3
"Columbia",2016,194,3,7.74787193923439,0,"2016-02",3.3,9.47,119.2
"Columbia",2016,195,3,9.01178002699664,0,"2016-03",2.9,16.89,47.6
"Columbia",2016,196,3,7.78663337496715,0,"2016-04",3.4,18.81,71.2
"Columbia",2016,197,3,8.38126047446859,0,"2016-05",2.9,22.59,66.3
"Columbia",2016,198,3,10.4175375796307,0,"2016-06",2.8,28.31,60.7
"Columbia",2016,199,3,8.75035323270231,0,"2016-07",3,30.65,45.4
"Columbia",2016,200,3,7.74058871581426,0,"2016-08",2.4,29.05,122.7
"Columbia",2016,201,3,8.92039002639762,0,"2016-09",2.1,26.32,173.1
"Columbia",2016,202,3,9.16412121030625,0,"2016-10",2.1,20.15,113.1
"Columbia",2016,203,3,17.5472636107334,0,"2016-11",1.8,13.47,51.1
"Columbia",2016,204,3,10.0667814963042,0,"2016-12",2.3,9.85,85
"Greensboro",2000,1,2,13.7276726924861,0,"2000-01",3.4,2.85,102.5
"Greensboro",2000,10,2,18.896633899257,0,"2000-10",2.2,15.7,0
"Greensboro",2000,11,2,17.294486694426,0,"2000-11",2.8,8.11,49.7
"Greensboro",2000,12,2,14.2432337626786,0,"2000-12",3.3,0.56,28.9
"Greensboro",2000,2,2,15.4335795330233,0,"2000-02",3.2,7.18,39.1
"Greensboro",2000,3,2,12.253557519843,0,"2000-03",3.7,11.98,75
"Greensboro",2000,4,2,11.0133825469918,0,"2000-04",4.2,13.43,113.6
"Greensboro",2000,5,2,16.4175602954751,0,"2000-05",3.6,20.44,58.6
"Greensboro",2000,6,2,19.935092835806,0,"2000-06",3.1,23.9,103
"Greensboro",2000,7,2,22.3267334855473,0,"2000-07",2.9,24.16,55.3
"Greensboro",2000,8,2,20.6654309202645,0,"2000-08",2.7,24.08,101.2
"Greensboro",2000,9,2,12.2189948891499,0,"2000-09",2.8,19.57,253.6
"Greensboro",2001,13,2,13.7034457659338,0,"2001-01",3.1,3.7,64.3
"Greensboro",2001,14,2,12.9623344765018,0,"2001-02",3.1,7.26,63.8
"Greensboro",2001,15,2,9.80512695298799,0,"2001-03",3.9,7.71,128.4
"Greensboro",2001,16,2,14.6953579539712,0,"2001-04",3.7,15.42,45.9
"Greensboro",2001,17,2,16.8204843654511,0,"2001-05",2.9,19.08,68.4
"Greensboro",2001,18,2,18.5208566603873,0,"2001-06",2.9,24.05,78.5
"Greensboro",2001,19,2,17.0793895846608,0,"2001-07",3.1,23.64,103.2
"Greensboro",2001,20,2,23.4946934568114,0,"2001-08",2.4,25,78.3
"Greensboro",2001,21,2,14.9745791657573,0,"2001-09",2.4,19.61,52.1
"Greensboro",2001,22,2,11.2796895399376,0,"2001-10",2.8,14.08,10.4
"Greensboro",2001,23,2,15.1566547070759,0,"2001-11",2.4,12.68,8.7
"Greensboro",2001,24,2,10.3845389335822,0,"2001-12",3,7.82,56.3
"Greensboro",2002,25,2,12.3769224049669,0,"2002-01",3.2,5.28,113.5
"Greensboro",2002,26,2,11.4438032415163,0,"2002-02",3.8,5.82,26.7
"Greensboro",2002,27,2,12.5567443019279,0,"2002-03",3.6,9.79,79.4
"Greensboro",2002,28,2,11.9375849005021,0,"2002-04",3.5,16.7,14.2
"Greensboro",2002,29,2,13.8716462447809,0,"2002-05",3.6,18.59,76.2
"Greensboro",2002,30,2,15.6145690093961,0,"2002-06",3.2,24.21,94.6
"Greensboro",2002,31,2,23.3401897944061,0,"2002-07",2.5,26.02,78.9
"Greensboro",2002,32,2,17.9654194161274,0,"2002-08",3,24.92,112.3
"Greensboro",2002,33,2,14.7898934390059,0,"2002-09",2.7,22.13,95.3
"Greensboro",2002,34,2,11.7543685161306,0,"2002-10",2.7,15.62,146.2
"Greensboro",2002,35,2,11.6833509379553,0,"2002-11",3.2,9.01,108.9
"Greensboro",2002,36,2,12.7673419075503,0,"2002-12",3.2,4.17,113.1
"Greensboro",2003,37,2,11.6280679499121,0,"2003-01",3.6,2.43,59.8
"Greensboro",2003,38,2,11.3010466503849,0,"2003-02",3.5,4.42,124.8
"Greensboro",2003,39,2,11.860875942244,0,"2003-03",3.6,11.65,170
"Greensboro",2003,40,2,12.4932647346324,0,"2003-04",3.9,14.69,162.4
"Greensboro",2003,41,2,11.3052672205822,0,"2003-05",3.4,17.95,173.3
"Greensboro",2003,42,2,17.3416580045111,0,"2003-06",2.8,22.16,111.5
"Greensboro",2003,43,2,15.9466031002161,0,"2003-07",2.9,24.5,194
"Greensboro",2003,44,2,20.0944447412774,0,"2003-08",1.8,25.23,234.2
"Greensboro",2003,45,2,14.2573562596974,0,"2003-09",2.1,20.42,200.6
"Greensboro",2003,46,2,13.2719083164883,0,"2003-10",2.9,14.6,43.8
"Greensboro",2003,47,2,12.4128296632033,0,"2003-11",3.1,12.41,41.5
"Greensboro",2003,48,2,9.32320119837361,0,"2003-12",3.4,3.98,67.4
"Greensboro",2004,49,2,11.1295421764311,0,"2004-01",3.7,2.6,22.7
"Greensboro",2004,50,2,12.0554613691626,0,"2004-02",3.5,3.67,61.3
"Greensboro",2004,51,2,12.3729459511108,0,"2004-03",3.7,10.65,40.9
"Greensboro",2004,52,2,12.1863091956266,0,"2004-04",4,14.85,64.2
"Greensboro",2004,53,2,15.2166964158044,0,"2004-05",3.3,22.02,50.7
"Greensboro",2004,54,2,15.954331438358,0,"2004-06",2.9,23.72,59.7
"Greensboro",2004,55,2,17.7857812225967,0,"2004-07",2.6,25.63,181.2
"Greensboro",2004,56,2,18.2751993540141,0,"2004-08",2.7,23.81,53.2
"Greensboro",2004,57,2,13.842816094477,0,"2004-09",3.3,21.29,223.4
"Greensboro",2004,58,2,16.6749420075717,0,"2004-10",2.6,16.35,15.6
"Greensboro",2004,59,2,10.2711042576634,0,"2004-11",2.6,11.34,116.4
"Greensboro",2004,60,2,10.9960923478235,0,"2004-12",3.5,5.29,72.5
"Greensboro",2005,61,2,12.1757819803885,0,"2005-01",3.6,5.8,46.3
"Greensboro",2005,62,2,12.1694535377606,0,"2005-02",3.4,6.5,67.6
"Greensboro",2005,63,2,11.2683274189206,0,"2005-03",3.9,8.26,80.9
"Greensboro",2005,64,2,11.2231747307436,0,"2005-04",4.3,14.61,57.1
"Greensboro",2005,65,2,14.6978968812978,0,"2005-05",3.2,17.86,46.5
"Greensboro",2005,66,2,15.3687064429205,0,"2005-06",2.9,23.57,99.4
"Greensboro",2005,67,2,18.8024448594304,0,"2005-07",2.5,26.57,135.5
"Greensboro",2005,68,2,21.3836090148422,0,"2005-08",2.2,26.28,46.7
"Greensboro",2005,69,2,16.6008651458622,0,"2005-09",2.9,23.24,5.8
"Greensboro",2005,70,2,11.119533532949,0,"2005-10",2.9,16.42,74.2
"Greensboro",2005,71,2,13.2954275180775,0,"2005-11",3.1,10.92,92.2
"Greensboro",2005,72,2,11.2357613578919,0,"2005-12",2.9,4.04,103.7
"Greensboro",2006,73,2,9.60133330949966,0,"2006-01",3.5,8.05,60.5
"Greensboro",2006,74,2,11.5288028950426,0,"2006-02",3.4,5.75,39.1
"Greensboro",2006,75,2,10.6386055242335,0,"2006-03",3.7,10.72,24.1
"Greensboro",2006,76,2,11.6345245756762,0,"2006-04",3.3,16.86,68.8
"Greensboro",2006,77,2,13.4463286389255,0,"2006-05",2.6,18.33,62.1
"Greensboro",2006,78,2,16.538430340763,0,"2006-06",2.3,23.48,266.6
"Greensboro",2006,79,2,21.2042775821075,0,"2006-07",2,25.97,170.7
"Greensboro",2006,80,2,20.7933791164507,0,"2006-08",2.8,26.35,134.5
"Greensboro",2006,81,2,14.666188161962,0,"2006-09",2.7,20.12,182.8
"Greensboro",2006,82,2,10.3925256773652,0,"2006-10",3,14.04,74.8
"Greensboro",2006,83,2,11.5404298819028,0,"2006-11",2.8,10.83,151.1
"Greensboro",2006,84,2,13.3488584054549,0,"2006-12",2.8,7.91,44
"Greensboro",2007,85,2,7.57860192811036,0,"2007-01",3.6,6.28,74.1
"Greensboro",2007,86,2,9.48646249889707,0,"2007-02",3.6,3.72,57.7
"Greensboro",2007,87,2,12.1648005683817,0,"2007-03",3.9,13.14,84.1
"Greensboro",2007,88,2,9.60717467865963,0,"2007-04",4.2,14.67,126.3
"Greensboro",2007,89,2,13.5712979798281,0,"2007-05",3.4,19.92,13.8
"Greensboro",2007,90,2,16.2477072195486,0,"2007-06",3,24.03,55.9
"Greensboro",2007,91,2,16.1698658821616,0,"2007-07",2.8,25,60.5
"Greensboro",2007,92,2,23.6414027430143,0,"2007-08",2.5,28.44,34.6
"Greensboro",2007,93,2,15.8573861882111,0,"2007-09",2.7,23.27,22.4
"Greensboro",2007,94,2,9.24592964495382,0,"2007-10",2.7,18.9,168
"Greensboro",2007,95,2,10.9192244740472,0,"2007-11",3.1,10.12,21.4
"Greensboro",2007,96,2,10.3641618534278,0,"2007-12",3.2,8.32,81.1
"Greensboro",2008,100,2,9.06560957827549,0,"2008-04",3.5,14.51,138.5
"Greensboro",2008,101,2,11.2630938201096,0,"2008-05",4,19.02,40.7
"Greensboro",2008,102,2,16.6300098204902,0,"2008-06",3.1,26.03,65.6
"Greensboro",2008,103,2,16.8676795807522,0,"2008-07",2.8,25.73,47.3
"Greensboro",2008,104,2,13.5791572973344,0,"2008-08",2.7,24.79,180
"Greensboro",2008,105,2,11.8331564849205,0,"2008-09",3.2,21.62,124
"Greensboro",2008,106,2,8.97691453398403,0,"2008-10",2.8,14.35,33.8
"Greensboro",2008,107,2,9.86182349294465,0,"2008-11",3,8.12,71.2
"Greensboro",2008,108,2,7.47073327967248,0,"2008-12",3.4,6.94,84
"Greensboro",2008,97,2,10.6099651195805,0,"2008-01",3.4,4.29,24.1
"Greensboro",2008,98,2,10.8915972637761,0,"2008-02",3.9,7.28,67.4
"Greensboro",2008,99,2,9.83135310682192,0,"2008-03",4.4,10.81,109.6
"Greensboro",2009,109,2,10.519211235846,0,"2009-01",3.3,3.18,65.6
"Greensboro",2009,110,2,9.65764561379969,0,"2009-02",4.2,6.2,40.2
"Greensboro",2009,111,2,8.54770761134342,0,"2009-03",3.5,9.42,116.7
"Greensboro",2009,112,2,8.02667810337746,0,"2009-04",4.1,15.19,76.7
"Greensboro",2009,113,2,6.55043082836949,0,"2009-05",3.4,20.18,91.4
"Greensboro",2009,114,2,12.1665023268315,0,"2009-06",2.9,24.42,144.1
"Greensboro",2009,115,2,12.4004468103917,0,"2009-07",2.8,24.75,28.2
"Greensboro",2009,116,2,12.4840033800714,0,"2009-08",2.4,25.95,79.3
"Greensboro",2009,117,2,8.36491839174639,0,"2009-09",2.5,21.08,103.4
"Greensboro",2009,118,2,6.67252725002363,0,"2009-10",2.8,14.8,97.2
"Greensboro",2009,119,2,8.58004083689729,0,"2009-11",2.9,11.28,199.5
"Greensboro",2009,120,2,8.5532532713814,0,"2009-12",2.8,3.86,127.9
"Greensboro",2010,121,2,9.16132758761941,0,"2010-01",3.7,2.23,120.1
"Greensboro",2010,122,2,9.41319987779411,0,"2010-02",3.7,2.52,73
"Greensboro",2010,123,2,7.75041188268324,0,"2010-03",3.3,10.61,122.9
"Greensboro",2010,124,2,11.2443271820362,0,"2010-04",3.4,17.16,43.4
"Greensboro",2010,125,2,9.5894942208278,0,"2010-05",3.3,21.42,101
"Greensboro",2010,126,2,12.0777673055929,0,"2010-06",2.6,26.57,41.1
"Greensboro",2010,127,2,13.3369465041164,0,"2010-07",2.6,27.16,186.3
"Greensboro",2010,128,2,13.8917149809301,0,"2010-08",2.3,26.46,83
"Greensboro",2010,129,2,10.5128698363639,0,"2010-09",2.8,23.64,171.3
"Greensboro",2010,130,2,8.46290589381528,0,"2010-10",2.9,16.74,66.8
"Greensboro",2010,131,2,9.51888964089305,0,"2010-11",2.6,9.89,20.2
"Greensboro",2010,132,2,9.93865674133944,0,"2010-12",3.2,0.62,55.7
"Greensboro",2011,133,2,10.5486026752146,0,"2011-01",3,1.9,28.4
"Greensboro",2011,134,2,8.53453827490347,0,"2011-02",3.7,7.39,60
"Greensboro",2011,135,2,7.349570423532,0,"2011-03",3.6,9.85,111.1
"Greensboro",2011,136,2,7.97104781394706,0,"2011-04",4.7,16.39,80.5
"Greensboro",2011,137,2,11.981777148504,0,"2011-05",2.6,20.05,91
"Greensboro",2011,138,2,12.6614258620099,0,"2011-06",2.5,25.59,68.6
"Greensboro",2011,139,2,14.5687313227114,0,"2011-07",2.4,27.25,90.4
"Greensboro",2011,140,2,12.0175084119929,0,"2011-08",2.9,26.17,34.7
"Greensboro",2011,141,2,8.35604978867388,0,"2011-09",2.3,21.78,184.3
"Greensboro",2011,142,2,7.05847005894247,0,"2011-10",3,14.32,108.8
"Greensboro",2011,143,2,7.39269503940616,0,"2011-11",3.3,11.21,172.4
"Greensboro",2011,144,2,7.49726511492685,0,"2011-12",2.9,8.19,76.8
"Greensboro",2012,145,2,7.45057487528272,0,"2012-01",3.4,5.97,42.8
"Greensboro",2012,146,2,9.75017715046297,0,"2012-02",3.5,7.43,50.6
"Greensboro",2012,147,2,8.77454178623172,0,"2012-03",3.1,15.03,74.2
"Greensboro",2012,148,2,8.11599554637505,0,"2012-04",3.7,15.23,56.8
"Greensboro",2012,149,2,8.57909489963951,0,"2012-05",2.7,21.44,118.5
"Greensboro",2012,150,2,9.80818081432992,0,"2012-06",2.9,23.32,56.1
"Greensboro",2012,151,2,12.1028589540352,0,"2012-07",2.7,27.37,113.6
"Greensboro",2012,152,2,9.87806016324285,0,"2012-08",2.5,24.73,167.1
"Greensboro",2012,153,2,8.69494306256092,0,"2012-09",2.3,21.16,117.8
"Greensboro",2012,154,2,8.06629767924824,0,"2012-10",3,14.94,62.1
"Greensboro",2012,155,2,10.1908739644989,0,"2012-11",2.8,7.97,6.1
"Greensboro",2012,156,2,9.60351535500816,0,"2012-12",3.3,8.23,69.1
"Greensboro",2013,157,2,9.56161591747309,0,"2013-01",3,5.87,139
"Greensboro",2013,158,2,6.90207870489879,0,"2013-02",3.5,4.64,81.3
"Greensboro",2013,159,2,7.6036865350019,0,"2013-03",4,6.69,72.4
"Greensboro",2013,160,2,8.23189702278528,0,"2013-04",3.6,15.27,95.2
"Greensboro",2013,161,2,8.2642150543308,0,"2013-05",3.6,18.52,78.3
"Greensboro",2013,162,2,9.47416588944784,0,"2013-06",3.3,23.73,212.4
"Greensboro",2013,163,2,8.56848662039996,0,"2013-07",2.9,25.32,153.1
"Greensboro",2013,164,2,9.59114000307481,0,"2013-08",2.4,23.71,143.4
"Greensboro",2013,165,2,10.6183918858025,0,"2013-09",2.1,21.15,54
"Greensboro",2013,166,2,8.19851657283887,0,"2013-10",2.5,16.2,28.3
"Greensboro",2013,167,2,7.42724887549315,0,"2013-11",2.8,7.84,91.7
"Greensboro",2013,168,2,8.40785827011792,0,"2013-12",3,6.99,131.7
"Greensboro",2014,169,2,7.68587403858208,0,"2014-01",3.2,0.9,101.2
"Greensboro",2014,170,2,9.61784919460362,0,"2014-02",3.2,5.52,57
"Greensboro",2014,171,2,8.71569572669556,0,"2014-03",3.9,6.96,110.8
"Greensboro",2014,172,2,8.4309268560165,0,"2014-04",3.8,15.18,109.3
"Greensboro",2014,173,2,11.1489323211907,0,"2014-05",3.1,20.82,66.3
"Greensboro",2014,174,2,11.0244531926029,0,"2014-06",2.7,24.83,76.2
"Greensboro",2014,175,2,10.5513699892001,0,"2014-07",2.8,25.05,69.5
"Greensboro",2014,176,2,10.732018401795,0,"2014-08",2.3,23.82,67.5
"Greensboro",2014,177,2,6.47880295976775,0,"2014-09",2.6,21.55,74.6
"Greensboro",2014,178,2,6.98017477562615,0,"2014-10",3,16.32,51.1
"Greensboro",2014,179,2,8.93216472692013,0,"2014-11",3.1,7.42,84.6
"Greensboro",2014,180,2,8.55013799787238,0,"2014-12",2.9,6.54,56.2
"Greensboro",2015,181,2,8.67354144336381,0,"2015-01",3,3.54,51.8
"Greensboro",2015,182,2,10.3191463790787,0,"2015-02",3.6,1.12,67.2
"Greensboro",2015,183,2,8.11460500347625,0,"2015-03",3.2,10.57,69.2
"Greensboro",2015,184,2,7.32294862022606,0,"2015-04",3.5,15.8,63.6
"Greensboro",2015,185,2,9.71955042594061,0,"2015-05",3,21.36,77.8
"Greensboro",2015,186,2,9.9696398660802,0,"2015-06",2.9,25.9,52.4
"Greensboro",2015,187,2,12.2745103506627,0,"2015-07",2.8,26.6,85
"Greensboro",2015,188,2,9.80187175363259,0,"2015-08",2.2,25.23,174
"Greensboro",2015,189,2,7.16958804599509,0,"2015-09",2.8,22.37,142.3
"Greensboro",2015,190,2,6.99317057135913,0,"2015-10",3.3,15.28,107.6
"Greensboro",2015,191,2,8.2723061180147,0,"2015-11",2.5,12.12,172.6
"Greensboro",2015,192,2,7.48921557051621,0,"2015-12",2.6,11.92,168.9
"Greensboro",2016,193,2,7.33347578683596,0,"2016-01",3.2,2.8,48.6
"Greensboro",2016,194,2,7.45089929511257,0,"2016-02",3.8,5.85,107.4
"Greensboro",2016,195,2,8.67328589912555,0,"2016-03",3.7,13.86,49.9
"Greensboro",2016,196,2,7.3832410194935,0,"2016-04",3.8,15.71,55.9
"Greensboro",2016,197,2,9.07730247134622,0,"2016-05",2.9,19.23,220.4
"Greensboro",2016,198,2,9.77649249483539,0,"2016-06",2.8,24.97,45.2
"Greensboro",2016,199,2,10.5300678660699,0,"2016-07",2.5,27.49,129
"Greensboro",2016,200,2,8.76018885786483,0,"2016-08",2.7,26.74,126.3
"Greensboro",2016,201,2,8.79495905537998,0,"2016-09",3,24.47,56.5
"Greensboro",2016,202,2,6.96714234798933,0,"2016-10",3.1,17.62,99.3
"Greensboro",2016,203,2,15.0543391742406,0,"2016-11",2.8,11.77,25.9
"Greensboro",2016,204,2,9.2681402561947,0,"2016-12",3.1,5.93,43.1
